estimated,counts
0.0032831,9
0.00328626,1
0.0032864,1
0.00657038,4
0.00657402,2
0.00657412,1
0.0131504,1
0.0131513,1
0.0131514,1
0.0179331,826
0.0193007,1
0.0267782,1
0.0411613,1
0.0412625,1
0.0525204,1134
0.338188,1
0.33824,2
0.338241,1
0.340018,1
0.408533,1
0.547977,1
0.85401,1
1.51168,5
16.8414,2
